{"displaySize":{"x":1920.0,"y":1080.0},"displayMode":1,"mastarAudio":1.0,"bgmAudio":0.7957813739776611,"seAudio":0.8408588767051697,"languge":0}
